"type","TE","seTE","lower","upper","z","p","level","df","Qdf","Q","Qp","pred.lb","pred.ub","I2","I2.lb","I2.ub"
"all both",0.14558,0.04043,0.06332,0.22785,3.60058,0.00103,0.95,33,33,104.96606,0,-0.27799,0.56916,0.68561,0.55257,0.77909
"all primary",0.16506,0.06178,0.0316,0.29852,2.67186,0.0192,0.95,13,13,24.39799,0.02766,-0.28127,0.61138,0.46717,0.00804,0.71379
"all secondary",0.15022,0.04765,0.05166,0.24879,3.15276,0.00445,0.95,23,23,88.78569,0,-0.28011,0.58056,0.74095,0.61352,0.82636
"adjusted both",0.20041,0.0435,0.10994,0.29088,4.60671,0.00015,0.95,21,21,80.37983,0,-0.17685,0.57766,0.73874,0.6027,0.8282
"adjusted primary",0.20112,0.06172,0.0615,0.34073,3.25873,0.00986,0.95,9,9,20.35344,0.01585,-0.19416,0.59639,0.55781,0.10185,0.7823
"adjusted secondary",0.20294,0.05318,0.08888,0.317,3.81606,0.00189,0.95,14,14,68.03866,0,-0.20857,0.61445,0.79423,0.6678,0.87255
