"type","N","pval","alpha","average_ES","target_ES"
"Rosenthal",464,0.000000000157181494121032,0.05,NA,NA
"Orwin",34,NA,NA,0.179594129587733,0.0897970647938663
