"type","N","pval","alpha","average_ES","target_ES"
"Rosenthal",464,0.000000000157394606431598,0.05,NA,NA
"Orwin",34,NA,NA,0.178419242709904,0.0892096213549522
