"type","TE","seTE","lower","upper","z","p","level","df","Qdf","Q","Qp","pred.lb","pred.ub","I2","I2.lb","I2.ub"
"all both",0.1486,0.04172,0.06371,0.23349,3.56155,0.00115,0.95,33,33,103.81356,0,-0.28627,0.58347,0.68212,0.54714,0.77687
"all primary",0.13619,0.05658,0.01395,0.25842,2.40698,0.03167,0.95,13,13,21.48039,0.06395,-0.26397,0.53635,0.3948,0,0.6787
"all secondary",0.16797,0.04979,0.0652,0.27073,3.37331,0.00252,0.95,24,24,88.3618,0,-0.28944,0.62537,0.72839,0.5961,0.81735
"adjusted both",0.18005,0.04533,0.08629,0.27382,3.97232,0.0006,0.95,23,23,69.90699,0,-0.23021,0.59032,0.67099,0.49631,0.78509
"adjusted primary",0.16648,0.05889,0.03527,0.29769,2.82709,0.01794,0.95,10,10,21.21991,0.01961,-0.21306,0.54603,0.52874,0.06603,0.76222
"adjusted secondary",0.19633,0.05561,0.07844,0.31422,3.53046,0.00278,0.95,16,16,56.65145,0,-0.25876,0.65141,0.71757,0.53985,0.82665
