"type","TE","seTE","lower","upper","z","p","level","df","Qdf","Q","Qp","pred.lb","pred.ub","I2","I2.lb","I2.ub"
"all both",0.14908,0.04168,0.06428,0.23388,3.57687,0.0011,0.95,33,33,103.38544,0,-0.28531,0.58347,0.68081,0.54509,0.77603
"all primary",0.13752,0.05637,0.01575,0.2593,2.43977,0.02978,0.95,13,13,21.16937,0.06965,-0.26114,0.53619,0.38591,0,0.67432
"all secondary",0.16797,0.04979,0.0652,0.27073,3.37332,0.00252,0.95,24,24,88.36182,0,-0.28943,0.62537,0.72839,0.5961,0.81735
"adjusted both",0.18005,0.04533,0.08629,0.27382,3.9723,0.0006,0.95,23,23,69.90673,0,-0.23021,0.59032,0.67099,0.49631,0.78509
"adjusted primary",0.16648,0.05889,0.03527,0.29769,2.82705,0.01794,0.95,10,10,21.21971,0.01961,-0.21307,0.54603,0.52874,0.06602,0.76222
"adjusted secondary",0.19633,0.05561,0.07844,0.31422,3.53046,0.00278,0.95,16,16,56.65145,0,-0.25876,0.65141,0.71757,0.53985,0.82665
