"type","N","pval","alpha","average_ES","target_ES"
"Rosenthal",469,0.000000000126109040277377,0.05,NA,NA
"Orwin",34,NA,NA,0.178774144670689,0.0893870723353444
