"type","N","pval","alpha","average_ES","target_ES"
"Rosenthal",508,0.0000000000140487304709503,0.05,NA,NA
"Orwin",33,NA,NA,0.175578760793079,0.0877893803965395
