"type","TE","seTE","lower","upper","z","p","level","df","Qdf","Q","Qp","pred.lb","pred.ub","I2","I2.lb","I2.ub"
"all both",0.01802,0.02329,-0.03058,0.06661,0.77344,0.44831,0.95,20,20,25.36467,0.18783,-0.18139,0.21742,0.2115,0,0.53625
"all primary",0.04483,0.04311,-0.05711,0.14677,1.03999,0.33293,0.95,7,7,5.65354,0.58073,-0.25665,0.34632,0,0,0.59856
"all secondary",-0.00498,0.02635,-0.06114,0.05119,-0.18883,0.85275,0.95,15,15,21.23574,0.12946,-0.18855,0.1786,0.29364,0,0.61311
"adjusted both",0.00404,0.03065,-0.06217,0.07024,0.13166,0.89727,0.95,13,13,15.21714,0.29399,-0.24789,0.25596,0.1457,0,0.52988
"adjusted primary",0.10973,0.05843,-0.05251,0.27196,1.87778,0.13362,0.95,4,4,3.53729,0.47223,-0.34244,0.56189,0,0,0.76483
"adjusted secondary",-0.0342,0.02388,-0.08822,0.01982,-1.43211,0.18591,0.95,9,9,6.33789,0.70568,-0.1778,0.10939,0,0,0.46567
