"type","N","pval","alpha","average_ES","target_ES"
"Rosenthal",483,0.0000000000709602009684651,0.05,NA,NA
"Orwin",34,NA,NA,0.163191150181518,0.0815955750907589
