"type","estimate","se","tval","pval","ci.lb","ci.ub","Qdf","Q","Qp"
"all both",0.00821,0.0236,0.34787,0.72888,-0.03878,0.0552,77,129.53673,0.00017
"all primary",0.04128,0.02335,1.76804,0.095,-0.00798,0.09054,17,26.89814,0.05958
"all secondary",-0.01274,0.02809,-0.4534,0.65192,-0.06895,0.04348,59,96.98893,0.00134
"adjusted both",-0.01165,0.02351,-0.49549,0.62364,-0.05954,0.03624,32,45.75828,0.05458
"adjusted primary",0.09667,0.0479,2.01817,0.08335,-0.0166,0.20994,7,12.73797,0.07876
"adjusted secondary",-0.03876,0.01545,-2.50856,0.01928,-0.07065,-0.00687,24,24.16677,0.45209
