"type","estimate","se","tval","pval","ci.lb","ci.ub","Qdf","Q","Qp"
"all both",0.1552,0.03854,4.0275,0.00009,0.07911,0.23129,165,561.03789,0
"all primary",0.15158,0.058,2.6137,0.01247,0.03446,0.26871,41,121.8681,0
"all secondary",0.17245,0.04621,3.73179,0.00029,0.08098,0.26392,123,439.02146,0
"adjusted both",0.18393,0.04342,4.23625,0.00006,0.09753,0.27033,80,260.56033,0
"adjusted primary",0.1718,0.06212,2.76565,0.01231,0.04178,0.30182,19,56.25382,0.00001
"adjusted secondary",0.20643,0.05516,3.74263,0.00041,0.0961,0.31676,60,198.60906,0
