"type","estimate","se","tval","pval","ci.lb","ci.ub","Qdf","Q","Qp"
"all both",0.15406,0.03837,4.01536,0.00009,0.0783,0.22981,165,561.43434,0
"all primary",0.14856,0.05736,2.58987,0.01323,0.03271,0.2644,41,122.30255,0
"all secondary",0.17245,0.04621,3.73179,0.00029,0.08098,0.26392,123,439.02146,0
"adjusted both",0.18393,0.04342,4.23633,0.00006,0.09753,0.27034,80,260.59889,0
"adjusted primary",0.17183,0.06211,2.76648,0.01229,0.04183,0.30183,19,56.27679,0.00001
"adjusted secondary",0.20643,0.05516,3.74263,0.00041,0.0961,0.31676,60,198.60906,0
