"type","estimate","se","tval","pval","ci.lb","ci.ub","Qdf","Q","Qp"
"all both",0.01373,0.0254,0.54071,0.59031,-0.03687,0.06433,75,129.46265,0.0001
"all primary",0.05899,0.02928,2.01471,0.06222,-0.00342,0.1214,15,25.68996,0.04141
"all secondary",-0.01274,0.02809,-0.45341,0.65191,-0.06895,0.04348,59,96.9844,0.00134
"adjusted both",-0.01165,0.02351,-0.49555,0.6236,-0.05954,0.03624,32,45.75442,0.05462
"adjusted primary",0.09667,0.0479,2.01819,0.08335,-0.01659,0.20993,7,12.73448,0.07885
"adjusted secondary",-0.03876,0.01545,-2.50856,0.01928,-0.07065,-0.00687,24,24.16677,0.45209
