"type","N","pval","alpha","average_ES","target_ES"
"Rosenthal",941,0.00000000000000360389773404684,0.05,NA,NA
"Orwin",44,NA,NA,0.197271445707071,0.0986357228535353
