"type","N","pval","alpha","average_ES","target_ES"
"Rosenthal",948,0.00000000000000287080677255639,0.05,NA,NA
"Orwin",45,NA,NA,0.196625233585859,0.0983126167929293
