"type","TE","seTE","lower","upper","z","p","level","df","Qdf","Q","Qp","pred.lb","pred.ub","I2","I2.lb","I2.ub"
"all both",0.16137,0.03437,0.09207,0.23068,4.69551,0.00003,0.95,43,43,126.39019,0,-0.2357,0.55845,0.65978,0.53318,0.75205
"all primary",0.14797,0.047,0.04881,0.24712,3.1484,0.00586,0.95,17,17,36.78285,0.0036,-0.20825,0.50419,0.53783,0.2116,0.72907
"all secondary",0.16548,0.04397,0.07555,0.25541,3.7633,0.00076,0.95,29,29,102.05203,0,-0.27042,0.60137,0.71583,0.59022,0.80294
"adjusted both",0.18649,0.03564,0.11399,0.259,5.23325,0.00001,0.95,33,33,100.7879,0,-0.1839,0.55689,0.67258,0.53226,0.7708
"adjusted primary",0.17252,0.04809,0.06938,0.27567,3.58736,0.00297,0.95,14,14,40.48032,0.00021,-0.16206,0.5071,0.65415,0.40212,0.79994
"adjusted secondary",0.18479,0.04919,0.08218,0.2874,3.75666,0.00124,0.95,20,20,69.63619,0,-0.25142,0.621,0.71279,0.55402,0.81504
