"type","N","pval","alpha","average_ES","target_ES"
"Rosenthal",891,0.00000000000000907529774747118,0.05,NA,NA
"Orwin",43,NA,NA,0.177786054817276,0.0888930274086379
