"type","TE","seTE","lower","upper","z","p","level","df","Qdf","Q","Qp","pred.lb","pred.ub","I2","I2.lb","I2.ub"
"all both",0.16028,0.0337,0.09221,0.22834,4.75574,2e-05,0.95,41,41,125.08286,0,-0.22251,0.54306,0.67222,0.54828,0.76215
"all primary",0.17042,0.04467,0.07617,0.26468,3.81488,0.00139,0.95,17,17,35.63463,0.00513,-0.1731,0.51394,0.52294,0.1832,0.72136
"all secondary",0.14836,0.04144,0.06346,0.23325,3.57974,0.00128,0.95,28,28,103.073,0,-0.25581,0.55252,0.72835,0.60752,0.81198
"adjusted both",0.20068,0.03505,0.1291,0.27226,5.72565,0,0.95,30,30,110.75552,0,-0.14498,0.54634,0.72913,0.61352,0.81016
"adjusted primary",0.18534,0.0448,0.08926,0.28142,4.13734,0.00101,0.95,14,14,39.47795,0.00031,-0.13318,0.50386,0.64537,0.3849,0.79554
"adjusted secondary",0.18927,0.04758,0.08931,0.28922,3.97816,0.00088,0.95,18,18,83.738,0,-0.21212,0.59066,0.78504,0.66992,0.86002
