"type","N","pval","alpha","average_ES","target_ES"
"Rosenthal",941,0.00000000000000364513878854498,0.05,NA,NA
"Orwin",44,NA,NA,0.196350991161616,0.0981754955808081
