"type","N","pval","alpha","average_ES","target_ES"
"Rosenthal",923,0.00000000000000159617269360474,0.05,NA,NA
"Orwin",42,NA,NA,0.187866675170068,0.093933337585034
