"type","TE","seTE","lower","upper","z","p","level","df","Qdf","Q","Qp","pred.lb","pred.ub","I2","I2.lb","I2.ub"
"all both",0.16175,0.03433,0.09251,0.23098,4.71137,0.00003,0.95,43,43,125.95955,0,-0.23488,0.55838,0.65862,0.53145,0.75128
"all primary",0.149,0.04683,0.05019,0.2478,3.18152,0.00546,0.95,17,17,36.43494,0.00401,-0.20593,0.50392,0.53341,0.20319,0.72678
"all secondary",0.16548,0.04397,0.07555,0.25541,3.76331,0.00076,0.95,29,29,102.05207,0,-0.27042,0.60137,0.71583,0.59022,0.80294
"adjusted both",0.18649,0.03564,0.11399,0.259,5.23323,0.00001,0.95,33,33,100.78765,0,-0.18391,0.55689,0.67258,0.53226,0.7708
"adjusted primary",0.17252,0.04809,0.06937,0.27567,3.58733,0.00297,0.95,14,14,40.48012,0.00021,-0.16207,0.50711,0.65415,0.40212,0.79994
"adjusted secondary",0.18479,0.04919,0.08218,0.2874,3.75666,0.00124,0.95,20,20,69.63619,0,-0.25142,0.621,0.71279,0.55402,0.81504
