"type","TE","seTE","lower","upper","z","p","level","df","Qdf","Q","Qp","pred.lb","pred.ub","I2","I2.lb","I2.ub"
"all both",0.00657,0.02054,-0.03557,0.04872,0.32008,0.75137,0.95,27,27,31.01524,0.27051,-0.18265,0.1958,0.12946,0,0.44827
"all primary",0.03213,0.0325,-0.04028,0.10454,0.98874,0.34611,0.95,10,10,7.78167,0.65015,-0.19907,0.26333,0,0,0.48891
"all secondary",-0.01028,0.02493,-0.06286,0.04231,-0.41225,0.68531,0.95,17,17,23.03656,0.14806,-0.18842,0.16787,0.26204,0,0.58306
"adjusted both",-0.00729,0.02618,-0.0623,0.04772,-0.27853,0.78378,0.95,18,18,18.80648,0.40383,-0.2314,0.21682,0.04288,0,0.51115
"adjusted primary",0.08381,0.04689,-0.03093,0.19856,1.78734,0.12411,0.95,6,6,4.66594,0.58732,-0.23769,0.40531,0,0,0.62462
"adjusted secondary",-0.04035,0.02375,-0.09263,0.01193,-1.69855,0.11748,0.95,11,11,8.25855,0.68997,-0.18647,0.10578,0,0,0.44479
